HistoryID,UserID,DestinationID,VisitDate,ExperienceRating
1,1,4,2023-02-28,4
2,1,22,2024-05-15,3
3,2,15,2024-06-07,4
4,2,12,2023-11-21,5
5,3,19,2023-03-18,4
6,3,18,2023-07-09,5
7,4,17,2023-01-08,3
8,4,18,2023-07-09,4
9,5,5,2024-10-23,4
10,6,6,2024-08-13,5
11,6,10,2024-03-08,4
12,7,22,2024-07-19,3
13,8,25,2024-03-17,4
14,8,22,2023-01-28,4
15,9,1,2024-03-26,5
16,9,3,2024-07-13,5
17,10,10,2023-09-28,3
18,11,15,2024-02-22,5
19,12,2,2024-06-04,4
20,13,3,2024-08-01,3
21,14,9,2024-09-04,3
22,15,1,2023-09-20,5
23,15,5,2023-03-18,5
24,16,4,2023-08-01,5
25,16,17,2023-04-02,3
26,17,9,2024-02-24,3
27,17,1,2023-09-25,4
28,18,24,2023-08-18,5
29,18,23,2023-10-14,4
30,18,10,2024-12-10,3
31,19,18,2024-08-17,3
32,19,12,2024-04-03,5
33,20,12,2023-09-08,5
34,21,1,2023-12-21,5
35,21,2,2024-01-28,4
36,21,1,2024-04-09,4
37,22,21,2024-03-24,4
38,23,12,2024-08-26,5
39,23,13,2024-02-22,5
40,23,13,2023-07-15,4
41,24,12,2023-11-04,4
42,25,15,2023-06-26,5
43,25,14,2024-04-18,4
44,26,22,2024-03-09,4
45,27,24,2023-02-15,4
46,28,5,2023-09-27,5
47,29,10,2024-03-14,5
48,30,13,2023-07-02,5
49,31,20,2024-07-09,4
50,31,16,2024-12-24,5
51,31,17,2023-05-07,4
52,32,23,2024-09-02,5
53,32,23,2023-10-16,5
54,33,24,2023-09-03,4
55,34,22,2023-02-22,5
56,34,22,2023-10-08,4
57,35,16,2024-07-22,5
58,36,9,2024-11-23,1
59,36,22,2024-07-05,3
60,37,5,2024-02-01,4
61,38,22,2023-10-04,4
62,39,9,2023-09-09,4
63,40,4,2024-04-12,2
64,41,10,2024-09-23,5
65,42,23,2023-11-17,4
66,43,4,2023-09-10,5
67,44,9,2023-05-04,2
68,45,24,2024-03-09,5
69,45,22,2023-12-11,5
70,46,2,2024-05-17,4
71,47,17,2024-01-03,4
72,47,20,2024-01-01,4
73,48,8,2023-11-09,3
74,49,6,2024-09-23,4
75,49,8,2023-02-03,5
76,50,8,2023-06-19,3
77,50,9,2024-01-10,5
78,51,5,2023-06-07,4
79,51,16,2024-06-25,4
80,52,13,2023-04-28,1
81,52,15,2023-07-01,4
82,53,16,2024-06-26,4
83,54,10,2023-12-26,4
84,54,6,2024-12-04,5
85,55,18,2024-04-07,5
86,56,14,2023-04-08,3
87,57,20,2024-07-11,4
88,58,13,2024-06-21,2
89,58,17,2023-09-11,4
90,58,17,2024-05-06,3
91,59,4,2024-10-14,5
92,60,4,2023-06-14,3
93,60,2,2024-10-07,5
94,61,16,2023-07-01,5
95,62,9,2024-02-22,3
96,62,9,2023-11-28,5
97,63,14,2024-05-17,5
98,63,13,2024-06-13,4
99,64,3,2024-04-14,5
100,64,1,2024-03-20,4
101,65,10,2024-01-10,5
102,65,10,2024-10-20,5
103,66,24,2023-08-22,5
104,66,23,2023-12-06,4
105,67,4,2024-11-21,4
106,68,7,2024-04-22,4
107,69,8,2023-04-05,5
108,70,12,2023-08-20,3
109,71,13,2023-11-19,5
110,71,14,2024-07-16,5
111,72,23,2023-11-23,4
112,73,4,2023-07-08,2
113,73,7,2024-12-17,4
114,73,9,2023-04-28,4
115,74,7,2024-08-22,5
116,75,24,2024-10-27,3
117,75,12,2023-09-15,3
118,76,3,2024-08-15,4
119,76,1,2024-11-09,4
120,77,4,2023-05-15,4
121,78,16,2024-04-09,5
122,79,15,2023-09-03,5
123,80,20,2023-07-23,5
124,81,15,2024-02-14,4
125,81,13,2023-08-14,3
126,82,25,2023-07-13,4
127,83,23,2024-08-01,4
128,83,10,2024-07-28,4
129,84,22,2023-12-18,4
130,85,13,2024-05-14,5
131,86,8,2024-06-22,5
132,87,1,2023-08-05,5
133,88,8,2024-02-21,1
134,88,5,2023-08-06,5
135,89,19,2024-06-07,5
136,90,13,2024-07-09,5
137,91,13,2023-02-16,5
138,91,13,2023-01-12,4
139,92,5,2023-11-02,5
140,93,9,2023-01-20,2
141,94,10,2023-08-22,5
142,94,9,2024-04-15,5
143,94,9,2023-03-20,3
144,95,24,2023-03-10,5
145,96,25,2024-05-19,4
146,97,4,2023-12-07,5
147,98,2,2023-11-08,4
148,98,4,2023-05-28,5
149,99,5,2023-10-26,4
150,100,20,2024-07-22,4
151,100,16,2023-11-11,5
152,101,24,2024-08-04,5
153,101,20,2024-12-05,5
154,102,13,2024-09-21,4
155,103,9,2024-09-25,4
156,104,18,2024-12-19,5
157,104,17,2023-04-27,3
158,104,16,2024-08-08,4
159,105,14,2024-11-13,5
160,106,24,2024-06-06,4
161,106,25,2024-05-11,5
162,107,18,2023-09-01,2
163,108,25,2024-12-14,3
164,108,25,2024-04-23,5
165,109,8,2023-08-15,5
166,109,6,2023-04-13,4
167,109,6,2024-10-12,5
168,110,20,2024-06-14,5
169,110,16,2024-08-09,4
170,111,17,2023-02-24,4
171,112,7,2023-12-18,4
172,113,11,2024-12-16,5
173,114,15,2024-09-20,4
174,114,6,2024-05-08,3
175,115,16,2023-01-23,4
176,116,16,2024-01-18,4
177,117,1,2024-03-21,4
178,117,5,2024-01-19,4
179,118,15,2023-08-11,4
180,119,18,2023-08-04,2
181,120,15,2023-02-19,4
182,121,4,2023-10-10,4
183,122,3,2024-09-25,2
184,122,16,2024-10-08,4
185,123,19,2024-08-10,3
186,124,2,2023-10-02,5
187,125,14,2024-11-07,3
188,126,17,2023-03-08,5
189,126,19,2024-03-01,5
190,127,22,2024-10-16,4
191,127,23,2024-05-23,5
192,128,16,2023-08-03,5
193,129,10,2023-07-04,2
194,130,2,2023-05-27,5
195,131,1,2024-03-26,5
196,132,18,2024-10-10,5
197,133,14,2024-12-10,4
198,134,17,2023-08-03,3
199,135,18,2023-10-09,1
200,136,17,2023-11-27,4
201,137,17,2023-10-02,5
202,137,10,2024-11-15,5
203,138,17,2024-10-14,5
204,139,21,2024-06-14,3
205,140,14,2023-02-28,4
206,140,14,2024-12-16,4
207,141,15,2023-07-27,4
208,142,11,2024-06-09,5
209,143,3,2023-07-28,5
210,143,1,2024-09-15,4
211,144,1,2024-09-12,4
212,145,21,2024-01-07,4
213,145,22,2024-05-15,4
214,145,25,2023-11-20,4
215,146,8,2023-05-18,4
216,147,18,2023-02-08,5
217,148,19,2023-02-21,4
218,148,20,2024-12-10,4
219,148,16,2023-08-16,4
220,149,2,2023-03-13,5
221,150,8,2024-02-09,3
222,150,16,2023-09-09,3
223,150,17,2024-05-27,4
224,151,21,2024-09-16,1
225,151,4,2024-09-13,4
226,152,10,2024-12-08,1
227,153,7,2024-07-02,4
228,153,8,2024-12-26,5
229,154,24,2023-11-26,4
230,155,13,2024-01-05,5
231,155,23,2024-02-17,5
232,156,12,2023-03-14,3
233,157,14,2024-05-11,5
234,157,13,2024-06-28,4
235,158,20,2023-09-02,3
236,159,16,2023-11-10,5
237,159,18,2023-07-04,4
238,159,19,2023-12-10,5
239,160,10,2024-01-10,4
240,160,6,2024-03-08,5
241,161,14,2023-03-06,5
242,162,15,2023-07-20,4
243,162,12,2023-10-05,3
244,163,13,2024-05-15,4
245,164,10,2023-08-10,4
246,164,9,2024-06-19,5
247,165,11,2024-07-23,4
248,166,6,2024-05-07,5
249,167,4,2024-04-13,2
250,168,23,2023-12-10,5
251,169,18,2023-05-01,5
252,169,20,2023-05-25,3
253,170,6,2023-06-08,4
254,171,23,2023-11-25,4
255,171,24,2023-11-21,5
256,172,9,2024-08-02,5
257,172,8,2024-02-10,4
258,172,7,2023-03-07,4
259,173,24,2024-06-17,4
260,174,23,2024-05-27,4
261,174,13,2024-12-28,2
262,175,8,2023-08-03,4
263,176,18,2024-04-28,5
264,177,14,2024-02-26,3
265,178,15,2024-09-04,5
266,178,14,2024-12-22,5
267,178,12,2023-11-12,4
268,179,19,2024-08-01,5
269,180,13,2024-11-03,2
270,181,15,2023-11-14,2
271,182,3,2024-01-10,5
272,183,4,2023-04-18,5
273,184,21,2024-06-22,5
274,185,25,2024-12-05,5
275,186,13,2024-08-20,5
276,186,17,2024-01-23,2
277,186,11,2024-08-08,3
278,187,18,2024-11-12,4
279,187,19,2023-05-07,4
280,188,22,2023-02-22,4
281,189,23,2023-10-01,4
282,189,22,2023-04-05,5
283,190,16,2023-09-07,3
284,191,23,2023-04-11,5
285,192,22,2024-10-01,5
286,193,12,2024-03-18,2
287,193,3,2023-02-22,5
288,194,4,2023-06-26,5
289,195,21,2024-01-06,4
290,196,7,2023-12-14,5
291,197,24,2024-08-15,5
292,197,21,2023-02-15,4
293,197,1,2024-12-26,3
294,198,24,2024-01-02,3
295,198,22,2023-07-22,5
296,198,23,2023-08-03,5
297,199,14,2023-03-03,4
298,199,12,2024-11-19,4
299,200,13,2024-10-17,5
300,201,11,2023-10-14,4
301,201,13,2023-02-28,4
302,202,6,2024-04-14,4
303,202,6,2023-07-14,5
304,203,7,2024-06-22,5
305,204,25,2024-03-22,4
306,204,25,2024-02-03,5
307,205,14,2023-12-12,5
308,205,13,2024-10-18,5
309,205,13,2024-07-12,5
310,206,4,2024-05-20,4
311,207,5,2023-10-17,5
312,208,23,2023-08-08,4
313,208,25,2023-09-12,4
314,209,17,2024-10-08,5
315,209,17,2023-10-20,5
316,210,21,2024-11-27,4
317,211,20,2024-05-23,5
318,212,18,2023-01-06,2
319,213,18,2023-07-03,5
320,213,17,2023-01-03,5
321,214,15,2023-08-11,3
322,215,2,2023-12-11,5
323,215,11,2023-03-25,5
324,216,18,2024-05-15,4
325,217,24,2024-08-14,4
326,218,13,2024-09-04,4
327,219,24,2024-05-22,3
328,219,22,2023-05-02,4
329,220,8,2023-10-02,5
330,221,13,2023-04-25,3
331,222,20,2023-05-11,4
332,222,17,2023-12-14,5
333,223,13,2023-09-23,3
334,223,11,2024-11-26,5
335,223,13,2024-12-02,3
336,224,21,2024-02-28,5
337,225,1,2024-10-13,5
338,226,15,2024-07-01,5
339,227,18,2024-10-15,4
340,228,8,2024-02-08,5
341,228,6,2024-09-03,4
342,228,19,2023-04-11,4
343,229,1,2023-11-04,5
344,230,16,2023-06-24,2
345,230,7,2023-03-09,5
346,230,6,2023-03-25,4
347,231,12,2024-11-16,4
348,231,13,2024-10-15,4
349,232,13,2023-03-15,1
350,233,24,2024-11-10,5
351,234,16,2023-06-17,4
352,235,22,2023-08-02,5
353,236,1,2023-05-03,4
354,237,22,2024-09-13,5
355,237,22,2024-12-02,5
356,238,7,2024-06-20,2
357,238,16,2023-01-15,4
358,239,14,2023-06-23,5
359,239,14,2023-03-02,4
360,240,15,2023-08-17,4
361,241,22,2024-05-13,3
362,241,25,2023-11-20,4
363,242,10,2023-11-11,5
364,242,9,2024-09-22,5
365,242,9,2023-12-28,4
366,243,14,2023-10-22,4
367,244,12,2024-11-23,3
368,245,17,2024-12-03,5
369,245,19,2024-11-26,5
370,246,24,2023-11-23,3
371,247,11,2024-07-17,5
372,247,15,2023-05-06,4
373,248,19,2023-08-07,4
374,249,6,2023-02-10,1
375,249,25,2023-09-27,5
376,250,2,2024-10-05,5
377,250,3,2023-03-27,5
378,251,18,2024-01-14,4
379,251,17,2024-04-15,5
380,252,4,2023-08-08,4
381,253,8,2023-08-27,4
382,253,6,2024-10-15,4
383,254,19,2024-07-17,3
384,254,9,2024-10-05,2
385,255,4,2024-08-28,4
386,256,11,2023-02-23,3
387,257,11,2024-03-09,5
388,258,14,2023-07-03,1
389,259,18,2024-06-01,5
390,260,19,2023-09-12,5
391,261,18,2023-02-12,3
392,262,9,2024-02-27,4
393,263,18,2024-03-02,4
394,263,24,2023-12-27,2
395,263,18,2023-08-15,5
396,264,4,2023-05-07,3
397,264,14,2024-12-20,5
398,264,13,2024-05-08,3
399,265,3,2024-04-14,5
400,266,14,2023-08-20,3
401,266,14,2023-10-08,4
402,267,13,2024-01-20,4
403,267,12,2023-07-06,3
404,268,5,2023-06-03,5
405,268,1,2024-08-02,4
406,269,19,2024-12-01,1
407,269,11,2023-06-08,5
408,270,7,2024-12-25,3
409,271,4,2024-06-18,5
410,272,13,2024-03-27,3
411,273,17,2023-11-06,3
412,274,13,2024-08-02,3
413,275,6,2024-04-02,4
414,276,23,2024-09-16,3
415,276,19,2024-11-07,5
416,276,17,2024-01-28,5
417,277,13,2024-06-14,4
418,278,19,2023-07-11,4
419,278,16,2024-08-12,5
420,279,23,2023-12-14,5
421,280,15,2024-03-18,5
422,280,13,2024-02-11,5
423,281,3,2024-10-23,3
424,281,3,2024-08-12,4
425,282,19,2024-06-20,4
426,282,17,2024-01-03,5
427,283,23,2023-12-22,5
428,284,12,2024-10-22,1
429,285,4,2024-02-08,5
430,286,4,2023-10-02,5
431,287,4,2024-06-12,5
432,288,13,2024-10-05,5
433,289,15,2023-11-09,5
434,289,4,2024-12-06,2
435,290,13,2024-09-04,4
436,290,14,2023-12-15,5
437,291,15,2023-12-16,1
438,292,21,2023-02-15,5
439,293,17,2024-02-26,3
440,293,22,2024-12-03,5
441,294,13,2023-12-23,5
442,295,21,2023-09-08,5
443,296,8,2024-04-26,1
444,296,12,2024-09-19,5
445,296,12,2023-09-05,5
446,297,13,2024-07-23,4
447,297,13,2023-07-27,4
448,297,15,2023-06-21,4
449,298,8,2024-11-17,4
450,299,6,2023-09-21,5
451,299,10,2023-03-14,5
452,300,21,2024-09-05,4
453,300,24,2023-06-23,5
454,300,23,2023-09-10,4
455,301,16,2024-11-18,4
456,302,7,2023-05-20,3
457,302,9,2023-03-19,5
458,303,4,2024-10-24,4
459,303,5,2023-10-02,5
460,304,14,2024-11-25,5
461,305,3,2023-10-14,4
462,306,13,2024-11-18,5
463,307,15,2023-05-16,5
464,308,9,2024-11-13,3
465,309,8,2023-12-02,5
466,310,2,2023-08-15,5
467,310,1,2024-03-11,5
468,311,11,2023-06-13,5
469,311,11,2023-09-18,4
470,311,13,2024-08-04,5
471,312,4,2023-03-04,4
472,312,4,2024-07-28,5
473,312,1,2024-03-27,5
474,313,15,2023-04-25,2
475,314,4,2024-09-15,5
476,315,16,2024-01-03,3
477,316,2,2024-04-07,4
478,316,3,2024-05-16,3
479,316,5,2023-01-28,5
480,317,22,2024-05-24,5
481,318,24,2024-06-02,5
482,319,23,2024-09-07,4
483,319,25,2024-02-13,5
484,320,17,2023-05-27,5
485,320,18,2024-02-13,4
486,321,4,2024-06-18,5
487,322,2,2024-04-20,5
488,323,18,2023-01-02,4
489,324,13,2024-08-17,4
490,325,9,2024-09-05,5
491,326,16,2024-03-13,4
492,327,8,2024-09-27,3
493,328,18,2023-05-16,5
494,329,13,2024-11-04,5
495,329,11,2023-12-28,3
496,330,13,2023-05-21,5
497,331,11,2023-10-16,5
498,331,15,2024-12-20,4
499,332,16,2023-11-08,4
500,333,23,2023-12-04,4
501,334,25,2023-06-14,5
502,335,6,2024-04-14,4
503,335,4,2023-12-05,1
504,335,6,2024-11-16,5
505,336,22,2024-03-15,4
506,336,22,2024-11-25,3
507,337,22,2024-04-08,3
508,338,14,2024-04-10,5
509,338,13,2024-12-23,4
510,338,13,2024-06-18,3
511,339,15,2024-10-22,5
512,340,23,2023-06-25,5
513,341,3,2023-05-23,4
514,342,10,2024-08-21,4
515,342,9,2024-04-07,5
516,343,17,2023-03-04,2
517,344,16,2023-11-17,5
518,344,17,2024-01-04,5
519,344,18,2023-08-04,5
520,345,20,2024-09-06,5
521,345,16,2023-08-16,5
522,346,7,2024-05-11,5
523,347,9,2023-02-21,5
524,348,9,2023-12-28,4
525,349,7,2023-07-27,5
526,350,5,2024-07-26,5
527,350,17,2024-12-28,4
528,351,4,2023-05-19,2
529,351,16,2024-05-15,3
530,352,6,2024-09-15,2
531,353,13,2023-02-11,4
532,354,21,2023-11-09,4
533,354,24,2024-06-26,5
534,355,24,2024-04-06,5
535,356,4,2023-09-11,5
536,356,3,2023-02-06,4
537,357,4,2024-04-01,5
538,358,3,2024-08-25,3
539,359,13,2023-10-24,3
540,360,24,2023-06-23,5
541,361,23,2024-02-15,3
542,362,13,2024-11-17,4
543,362,13,2024-11-10,5
544,363,21,2024-04-05,5
545,364,15,2024-12-20,5
546,365,4,2023-09-16,5
547,365,5,2023-11-25,5
548,366,3,2024-09-23,4
549,367,2,2023-10-04,5
550,368,8,2023-09-07,5
551,369,6,2023-09-15,4
552,370,17,2024-12-19,4
553,371,19,2023-09-15,3
554,372,19,2024-09-14,5
555,372,20,2024-09-15,3
556,373,9,2023-07-09,4
557,374,9,2023-10-03,5
558,375,20,2023-12-03,5
559,375,3,2024-08-02,4
560,375,16,2024-03-25,4
561,376,17,2024-07-15,4
562,376,16,2023-11-22,5
563,377,24,2023-06-04,4
564,378,24,2023-09-05,2
565,378,18,2024-01-10,4
566,379,23,2024-09-14,5
567,379,21,2024-04-15,5
568,379,23,2023-04-24,5
569,380,12,2023-11-14,4
570,380,14,2023-02-04,5
571,380,14,2023-11-23,4
572,381,8,2024-01-13,4
573,382,19,2023-04-25,4
574,382,18,2024-05-08,4
575,383,9,2024-11-27,5
576,384,9,2023-03-22,5
577,385,7,2023-05-02,5
578,385,8,2024-07-18,4
579,386,14,2024-06-21,4
580,387,2,2024-06-23,5
581,388,17,2023-05-13,5
582,388,19,2023-08-08,5
583,389,5,2024-12-05,5
584,390,22,2023-07-18,3
585,390,3,2024-05-07,5
586,391,2,2024-08-28,5
587,392,6,2023-12-27,5
588,392,7,2023-07-22,5
589,393,9,2023-10-24,5
590,393,22,2023-06-10,5
591,394,9,2023-04-24,5
592,395,7,2023-08-08,5
593,395,7,2024-04-18,3
594,396,3,2024-07-15,5
595,396,1,2024-06-17,4
596,397,9,2024-12-16,4
597,397,18,2023-06-14,3
598,398,4,2023-04-24,5
599,398,5,2024-09-19,5
600,399,24,2023-04-11,5
601,400,17,2024-04-16,5
602,400,18,2024-08-24,4
603,401,5,2024-12-26,3
604,402,24,2024-12-18,5
605,402,22,2023-09-21,4
606,402,25,2023-02-27,4
607,403,17,2023-07-05,4
608,403,16,2023-03-01,5
609,404,13,2024-06-02,4
610,404,13,2024-01-01,5
611,404,13,2024-09-24,5
612,405,2,2024-05-01,4
613,406,3,2023-03-04,3
614,406,4,2024-04-07,5
615,406,4,2024-05-26,4
616,407,12,2023-07-15,5
617,407,9,2023-05-22,2
618,408,12,2023-11-25,5
619,409,3,2024-07-13,5
620,410,13,2023-01-23,5
621,410,12,2024-07-21,3
622,410,12,2023-02-17,4
623,411,6,2024-12-19,5
624,412,18,2024-02-22,4
625,412,1,2024-03-28,1
626,413,20,2023-04-19,4
627,413,16,2024-12-27,5
628,414,13,2023-03-19,3
629,415,6,2024-07-22,3
630,415,10,2023-12-05,4
631,416,12,2023-06-02,3
632,417,23,2024-02-11,4
633,418,19,2024-01-21,3
634,419,5,2023-08-16,3
635,419,5,2023-07-14,4
636,420,18,2023-11-13,5
637,420,19,2023-05-26,4
638,420,18,2023-02-09,5
639,421,12,2024-11-05,5
640,421,13,2023-02-03,3
641,422,17,2024-06-25,4
642,423,4,2024-02-06,3
643,424,7,2024-09-17,4
644,425,7,2023-02-12,5
645,426,22,2024-06-28,4
646,427,5,2023-07-13,4
647,427,3,2023-09-08,4
648,428,16,2024-03-05,4
649,428,17,2023-08-05,4
650,428,16,2024-05-14,5
651,429,14,2024-02-12,4
652,430,24,2023-10-20,1
653,431,9,2023-03-10,3
654,431,20,2024-10-13,2
655,432,22,2023-07-27,5
656,432,21,2023-10-23,5
657,433,24,2024-03-13,5
658,433,24,2024-12-21,5
659,434,7,2024-06-13,2
660,435,21,2023-07-12,5
661,436,9,2023-10-18,1
662,437,4,2024-09-01,5
663,438,9,2024-08-26,1
664,438,18,2024-02-27,3
665,439,12,2024-03-21,3
666,440,5,2024-11-05,5
667,441,16,2024-02-15,4
668,442,5,2024-09-17,4
669,443,1,2023-06-23,5
670,443,3,2024-04-22,5
671,444,24,2024-10-02,4
672,445,15,2023-07-04,5
673,446,14,2023-04-17,5
674,446,11,2023-07-15,4
675,447,14,2023-01-16,4
676,448,17,2023-02-04,5
677,449,22,2023-06-15,4
678,450,8,2023-06-16,5
679,451,4,2024-12-15,4
680,451,5,2023-01-26,4
681,452,25,2023-06-21,4
682,453,20,2023-03-24,4
683,454,1,2024-09-06,5
684,454,3,2024-08-08,3
685,455,12,2024-03-21,4
686,455,12,2023-12-20,4
687,456,7,2023-07-13,5
688,457,13,2023-04-09,4
689,458,20,2024-09-06,4
690,459,1,2024-08-04,5
691,459,2,2024-08-17,5
692,459,2,2023-10-13,5
693,460,16,2023-08-20,5
694,461,2,2024-12-26,5
695,462,5,2024-11-05,3
696,463,9,2023-05-04,3
697,464,23,2024-03-17,4
698,465,24,2024-03-19,4
699,465,22,2023-08-21,5
700,466,18,2023-08-10,4
701,467,8,2023-08-20,5
702,467,5,2023-08-05,2
703,467,7,2024-09-17,5
704,468,4,2024-08-14,5
705,469,4,2023-02-19,5
706,469,5,2023-04-10,4
707,470,13,2023-09-10,5
708,471,4,2024-10-24,4
709,472,16,2023-02-19,5
710,472,18,2024-09-27,4
711,473,24,2024-01-25,4
712,474,25,2023-07-04,5
713,475,22,2024-01-15,4
714,475,24,2023-02-15,5
715,475,23,2024-04-07,4
716,476,22,2023-03-20,2
717,477,1,2023-04-26,5
718,478,19,2023-09-09,5
719,479,6,2024-12-10,5
720,480,14,2023-09-22,5
721,480,15,2024-07-02,5
722,481,9,2023-12-28,1
723,482,16,2023-12-11,4
724,482,20,2024-11-13,5
725,483,16,2024-11-09,5
726,484,24,2023-02-21,3
727,485,19,2024-12-09,4
728,485,16,2023-08-11,4
729,486,9,2024-12-15,3
730,486,22,2023-04-14,2
731,487,17,2024-06-27,5
732,488,24,2024-10-05,4
733,488,25,2023-11-25,5
734,489,18,2024-11-26,4
735,489,16,2024-03-15,5
736,489,17,2023-07-07,4
737,490,18,2024-03-28,3
738,491,13,2023-06-09,5
739,492,23,2023-11-06,5
740,492,23,2023-05-24,5
741,492,21,2023-02-23,5
742,493,4,2023-08-03,4
743,493,3,2024-09-22,4
744,494,1,2023-12-11,5
745,495,21,2024-12-05,2
746,496,23,2023-07-03,4
747,496,23,2023-06-10,4
748,497,20,2023-03-21,5
749,497,17,2023-10-01,5
750,497,16,2023-12-07,4
751,498,20,2023-04-03,1
752,499,9,2024-02-19,4
753,500,25,2023-07-11,5
754,501,22,2023-11-03,4
755,501,23,2024-10-24,3
756,502,9,2024-12-01,4
757,503,3,2023-10-17,5
758,504,18,2023-05-21,4
759,505,6,2024-04-16,5
760,506,11,2023-08-21,4
761,507,3,2024-01-12,4
762,507,1,2024-10-14,4
763,508,14,2024-03-25,4
764,509,6,2023-01-19,2
765,510,19,2023-04-02,5
766,511,25,2024-09-10,3
767,511,19,2023-07-03,4
768,511,19,2023-05-03,4
769,512,9,2024-09-11,2
770,513,15,2023-11-22,3
771,514,5,2023-07-24,5
772,515,17,2023-02-14,4
773,516,8,2024-10-02,5
774,516,6,2023-11-24,3
775,517,17,2023-12-05,5
776,517,16,2024-06-17,5
777,517,20,2024-03-24,5
778,518,9,2023-02-25,5
779,519,5,2023-07-09,5
780,520,18,2023-10-21,4
781,520,17,2023-09-12,4
782,521,19,2024-10-06,5
783,521,16,2023-02-19,4
784,521,19,2023-09-01,4
785,522,9,2024-04-02,1
786,523,18,2023-03-06,4
787,524,7,2024-12-24,4
788,524,7,2024-04-14,5
789,524,7,2024-02-19,5
790,525,16,2023-11-02,4
791,526,14,2024-09-02,3
792,526,13,2024-08-28,5
793,527,24,2023-05-11,4
794,528,9,2023-01-12,5
795,528,9,2023-05-24,4
796,528,10,2023-10-16,4
797,529,14,2023-09-25,5
798,530,1,2023-07-01,5
799,530,3,2023-11-27,3
800,530,9,2024-11-13,2
801,531,10,2024-09-08,5
802,532,25,2024-01-05,4
803,532,24,2024-04-28,4
804,533,22,2023-06-15,5
805,533,22,2024-09-05,4
806,534,3,2024-10-02,5
807,534,3,2024-03-08,5
808,535,1,2024-06-26,4
809,536,6,2024-12-11,4
810,537,16,2023-04-03,5
811,538,2,2023-10-04,5
812,538,4,2024-08-15,4
813,539,17,2023-09-12,5
814,539,16,2023-08-09,5
815,540,11,2023-11-10,4
816,540,15,2023-06-05,4
817,541,25,2023-06-13,5
818,542,19,2023-05-27,5
819,543,24,2024-07-28,4
820,544,18,2023-09-08,3
821,544,19,2023-03-04,4
822,544,16,2023-04-05,5
823,545,15,2023-06-22,4
824,546,3,2023-05-27,3
825,546,5,2024-02-07,5
826,547,13,2024-02-28,5
827,548,1,2023-08-02,4
828,549,24,2024-12-13,2
829,550,22,2023-11-14,4
830,551,13,2024-03-09,5
831,551,13,2023-03-02,4
832,551,15,2024-08-14,4
833,552,20,2023-05-13,3
834,552,16,2023-11-26,5
835,553,13,2023-09-26,3
836,554,15,2024-08-18,1
837,555,4,2024-10-17,4
838,556,24,2024-03-01,3
839,557,10,2024-01-26,4
840,557,9,2024-08-17,4
841,558,10,2023-04-06,5
842,559,19,2023-04-09,5
843,560,23,2024-04-19,4
844,560,22,2023-03-06,5
845,560,22,2024-12-23,5
846,561,3,2024-12-23,2
847,562,6,2024-10-07,3
848,562,16,2023-03-16,4
849,562,17,2023-04-20,5
850,563,6,2024-08-01,3
851,564,10,2023-03-11,5
852,565,18,2023-01-01,5
853,566,5,2023-03-25,5
854,567,22,2024-06-03,5
855,568,16,2023-11-13,4
856,569,9,2023-06-05,5
857,570,13,2024-07-26,5
858,570,14,2024-03-23,4
859,570,13,2023-10-27,5
860,571,16,2024-12-23,5
861,571,16,2024-12-01,5
862,572,8,2024-03-20,5
863,572,14,2023-11-19,2
864,573,11,2023-06-24,2
865,573,3,2023-06-06,4
866,574,13,2024-11-21,5
867,574,13,2023-05-07,4
868,575,6,2023-06-09,4
869,575,8,2024-01-13,4
870,576,18,2024-03-14,5
871,577,20,2023-09-13,3
872,578,2,2023-10-21,5
873,578,4,2023-02-26,5
874,579,9,2023-06-09,3
875,579,9,2023-03-13,4
876,580,2,2024-09-03,5
877,580,5,2023-10-16,4
878,581,10,2024-11-06,5
879,582,13,2023-02-11,5
880,583,16,2024-12-18,3
881,583,21,2023-05-08,3
882,584,13,2024-10-18,4
883,585,13,2024-06-01,4
884,586,25,2024-11-21,4
885,587,24,2023-01-07,5
886,588,19,2023-02-16,5
887,589,16,2024-07-16,5
888,589,11,2024-02-21,3
889,590,12,2023-07-12,5
890,590,11,2024-05-15,5
891,591,13,2023-05-19,4
892,592,1,2023-12-22,4
893,592,3,2024-06-26,5
894,592,13,2024-09-02,1
895,593,2,2024-07-18,4
896,594,19,2024-04-16,4
897,595,17,2023-12-02,5
898,596,4,2023-08-06,4
899,596,12,2024-03-02,2
900,596,1,2023-11-14,5
901,597,14,2024-10-09,4
902,597,8,2024-02-13,3
903,598,6,2024-05-17,5
904,599,2,2024-12-20,2
905,600,4,2023-03-05,4
906,600,10,2024-05-28,2
907,601,18,2024-07-21,3
908,602,22,2023-08-02,5
909,602,24,2024-03-20,5
910,602,22,2023-06-23,5
911,603,16,2024-08-09,4
912,604,18,2024-05-10,5
913,605,4,2023-12-22,5
914,606,7,2024-03-10,2
915,607,1,2024-06-09,5
916,608,7,2024-02-07,4
917,609,15,2024-07-24,5
918,610,6,2023-06-27,5
919,610,9,2024-03-03,5
920,611,24,2023-07-05,5
921,612,9,2023-04-27,4
922,613,21,2024-08-02,5
923,614,22,2024-05-12,4
924,615,7,2023-11-04,5
925,616,6,2024-08-20,4
926,616,6,2024-08-19,5
927,617,24,2023-05-24,4
928,618,15,2023-07-02,5
929,618,8,2023-04-21,1
930,619,21,2024-05-21,4
931,620,17,2024-11-01,4
932,621,9,2023-10-26,4
933,621,24,2024-10-26,4
934,621,24,2024-12-21,4
935,622,12,2024-07-28,5
936,622,12,2024-04-15,4
937,623,16,2023-10-13,5
938,623,18,2024-11-27,5
939,623,20,2024-10-20,5
940,624,5,2023-02-16,5
941,625,2,2024-05-21,5
942,625,20,2024-11-23,5
943,626,11,2023-09-25,4
944,627,19,2023-11-11,2
945,627,21,2024-11-16,4
946,628,9,2024-07-13,5
947,629,13,2023-10-23,3
948,630,17,2024-12-08,4
949,630,12,2023-09-10,3
950,630,18,2024-09-06,5
951,631,17,2024-03-24,4
952,632,1,2023-09-25,5
953,632,19,2023-11-03,4
954,633,18,2024-12-28,3
955,634,15,2024-06-12,4
956,634,13,2023-08-28,5
957,635,17,2023-11-19,5
958,635,16,2023-04-17,4
959,636,24,2024-09-10,3
960,636,11,2023-03-05,5
961,636,13,2023-10-15,4
962,637,6,2023-12-06,5
963,638,1,2024-11-06,4
964,639,16,2024-01-15,5
965,640,11,2023-03-19,3
966,640,14,2024-02-05,5
967,641,22,2024-07-14,5
968,642,1,2023-01-18,5
969,643,9,2023-01-11,5
970,643,9,2023-01-21,4
971,644,12,2023-06-10,4
972,645,9,2024-09-19,5
973,645,9,2024-01-10,4
974,646,9,2024-09-20,5
975,647,19,2024-11-05,5
976,647,24,2023-06-25,1
977,648,20,2023-07-01,4
978,648,19,2023-03-07,4
979,649,11,2024-03-04,5
980,649,12,2024-01-13,5
981,649,13,2023-10-02,4
982,650,25,2023-11-27,4
983,651,14,2024-02-14,5
984,652,21,2024-09-09,5
985,652,22,2023-04-23,4
986,652,24,2024-11-04,5
987,653,8,2024-12-05,4
988,653,8,2023-02-17,5
989,654,1,2023-02-16,4
990,655,13,2023-05-27,5
991,656,15,2023-07-10,4
992,657,25,2024-08-07,4
993,657,25,2023-01-01,4
994,658,24,2023-03-03,2
995,658,7,2023-02-09,4
996,658,6,2024-05-09,4
997,659,7,2023-03-28,5
998,660,12,2024-11-11,3
999,661,6,2023-02-28,4
1000,662,20,2023-03-22,4
1001,662,19,2024-08-20,5
1002,662,4,2024-06-27,3
1003,663,3,2024-07-13,3
1004,663,4,2024-07-23,5
1005,664,15,2023-11-26,5
1006,665,4,2023-12-24,5
1007,666,10,2024-02-14,3
1008,666,13,2023-11-15,5
1009,666,12,2023-06-20,5
1010,667,8,2023-08-16,3
1011,667,23,2024-01-03,2
1012,667,17,2023-01-23,5
1013,668,20,2023-09-17,1
1014,668,9,2024-12-08,5
1015,668,7,2024-11-21,3
1016,669,24,2023-09-20,5
1017,670,17,2024-03-17,5
1018,670,6,2024-02-25,2
1019,671,3,2023-06-09,5
1020,671,3,2024-09-21,5
1021,672,24,2024-04-03,4
1022,673,9,2023-10-15,4
1023,674,25,2024-06-04,2
1024,674,16,2024-01-04,5
1025,675,24,2023-09-18,5
1026,675,24,2024-10-20,4
1027,675,10,2024-11-22,5
1028,676,12,2023-01-27,1
1029,677,19,2024-06-18,4
1030,678,7,2024-06-23,5
1031,679,13,2023-11-08,4
1032,679,15,2024-11-26,5
1033,680,21,2023-06-23,3
1034,681,8,2023-03-16,5
1035,682,20,2024-12-24,4
1036,683,9,2023-10-07,4
1037,683,8,2024-07-07,5
1038,684,13,2024-04-23,5
1039,685,23,2023-07-02,5
1040,685,22,2023-08-15,5
1041,685,3,2023-09-24,4
1042,686,14,2024-07-27,5
1043,687,12,2023-12-19,1
1044,688,24,2024-03-04,4
1045,689,14,2024-10-11,4
1046,690,16,2023-10-23,5
1047,691,24,2024-06-10,4
1048,691,24,2024-03-14,4
1049,692,21,2024-09-28,5
1050,693,9,2023-09-21,3
1051,694,18,2024-10-23,4
1052,695,3,2023-11-05,5
1053,695,4,2024-12-21,4
1054,696,14,2024-06-18,5
1055,697,7,2024-11-23,5
1056,698,13,2024-09-10,4
1057,698,12,2023-09-04,5
1058,699,5,2023-01-22,4
1059,700,4,2024-03-10,5
1060,701,24,2024-01-23,5
1061,701,24,2024-09-02,4
1062,702,4,2023-02-20,4
1063,703,13,2023-09-13,5
1064,703,13,2023-12-10,5
1065,703,24,2024-07-26,1
1066,704,1,2024-01-24,3
1067,705,19,2023-08-27,4
1068,706,13,2023-10-18,5
1069,707,13,2024-04-10,5
1070,707,12,2023-11-03,5
1071,708,3,2024-07-02,3
1072,708,12,2023-05-05,5
1073,709,4,2024-05-01,4
1074,710,14,2023-03-02,5
1075,710,4,2024-11-20,4
1076,711,7,2024-10-18,4
1077,712,2,2023-12-11,5
1078,712,9,2024-09-06,2
1079,712,2,2024-07-03,4
1080,713,7,2024-04-22,3
1081,714,25,2024-05-07,4
1082,714,2,2024-02-22,1
1083,715,19,2023-11-20,4
1084,715,12,2023-07-26,3
1085,716,21,2024-09-24,5
1086,716,22,2024-09-27,4
1087,717,20,2024-09-15,4
1088,717,20,2024-11-07,4
1089,718,23,2023-02-06,5
1090,718,25,2023-04-22,3
1091,719,24,2024-02-07,3
1092,719,13,2023-02-24,5
1093,719,15,2023-12-11,4
1094,720,6,2024-01-06,4
1095,720,9,2023-10-27,5
1096,720,24,2024-07-15,1
1097,721,16,2023-01-13,4
1098,721,16,2023-11-24,5
1099,721,20,2023-10-02,5
1100,722,1,2024-09-04,5
1101,722,2,2023-05-20,4
1102,723,9,2024-08-13,5
1103,724,4,2023-01-16,4
1104,724,4,2024-03-24,4
1105,725,9,2023-09-10,4
1106,725,10,2024-12-21,5
1107,726,4,2023-09-28,2
1108,727,24,2024-01-19,5
1109,727,24,2023-02-10,4
1110,728,16,2023-12-12,5
1111,728,17,2023-11-28,3
1112,729,20,2024-04-20,5
1113,730,7,2023-03-22,4
1114,731,21,2023-11-18,3
1115,731,12,2023-02-09,5
1116,732,14,2024-10-16,4
1117,733,3,2023-11-21,5
1118,733,5,2023-10-03,4
1119,734,3,2024-08-11,4
1120,734,2,2024-03-19,4
1121,735,24,2023-07-06,4
1122,735,23,2024-04-23,5
1123,736,8,2024-06-05,5
1124,736,23,2024-08-12,2
1125,736,10,2023-02-06,4
1126,737,4,2023-03-18,5
1127,738,2,2023-11-03,4
1128,738,7,2024-10-19,3
1129,739,9,2024-04-02,4
1130,740,21,2023-09-16,4
1131,741,3,2024-04-25,4
1132,741,3,2023-09-17,4
1133,741,1,2023-09-01,4
1134,742,24,2023-10-22,4
1135,743,20,2023-03-15,4
1136,744,22,2023-10-22,4
1137,745,13,2023-08-12,5
1138,745,11,2023-08-08,4
1139,746,13,2023-04-02,5
1140,746,12,2024-06-13,5
1141,747,5,2024-01-21,1
1142,748,12,2024-09-21,5
1143,748,12,2023-05-19,5
1144,749,16,2023-07-12,4
1145,750,7,2024-07-08,5
1146,751,13,2024-06-16,5
1147,751,3,2024-09-05,2
1148,751,14,2024-02-17,5
1149,752,12,2024-03-06,5
1150,752,12,2023-02-22,4
1151,752,11,2023-06-24,5
1152,753,24,2023-08-16,5
1153,753,22,2024-11-27,4
1154,754,17,2023-01-05,5
1155,755,6,2023-09-02,3
1156,756,22,2024-05-06,5
1157,757,25,2023-10-21,4
1158,757,12,2024-02-07,1
1159,758,19,2024-08-28,4
1160,758,18,2023-07-20,4
1161,759,10,2024-03-20,5
1162,759,9,2024-11-11,3
1163,760,17,2024-02-08,3
1164,761,9,2023-02-01,4
1165,761,9,2024-09-22,4
1166,762,17,2023-10-04,4
1167,763,23,2023-10-20,4
1168,764,1,2023-02-16,1
1169,764,1,2024-11-21,3
1170,764,21,2023-06-28,5
1171,765,3,2024-07-08,5
1172,766,12,2023-07-12,4
1173,767,17,2023-05-16,4
1174,768,6,2024-05-20,4
1175,768,4,2023-01-23,4
1176,768,2,2023-02-17,4
1177,769,14,2024-04-23,5
1178,769,15,2024-02-05,5
1179,770,17,2024-05-09,5
1180,771,6,2024-10-09,5
1181,772,14,2024-07-18,5
1182,773,25,2024-09-18,4
1183,774,4,2024-05-19,3
1184,775,11,2023-07-24,4
1185,776,4,2024-12-08,4
1186,777,22,2023-03-04,4
1187,778,19,2023-06-26,5
1188,779,8,2023-11-01,4
1189,780,21,2024-08-20,5
1190,780,24,2024-05-08,4
1191,781,10,2024-01-24,5
1192,782,22,2024-10-21,4
1193,783,14,2023-10-02,5
1194,783,15,2023-08-01,5
1195,784,18,2023-04-02,3
1196,785,4,2024-11-02,4
1197,785,5,2023-01-06,5
1198,786,23,2024-06-22,1
1199,787,21,2023-04-17,4
1200,788,19,2024-02-03,5
1201,789,22,2024-09-19,4
1202,789,24,2023-05-08,4
1203,790,24,2023-07-19,5
1204,790,25,2023-07-17,3
1205,790,22,2024-09-10,5
1206,791,15,2024-09-27,1
1207,792,3,2024-07-19,5
1208,793,2,2024-06-25,5
1209,794,24,2023-10-28,5
1210,795,3,2024-05-03,4
1211,795,3,2023-04-22,5
1212,796,20,2023-07-12,4
1213,797,22,2024-05-08,5
1214,798,4,2024-11-24,5
1215,799,6,2024-03-16,5
1216,800,24,2023-10-09,4
1217,801,9,2023-08-24,2
1218,802,17,2024-04-28,4
1219,803,15,2023-04-27,4
1220,804,14,2023-06-05,4
1221,805,20,2024-02-22,5
1222,806,19,2024-09-02,3
1223,807,17,2024-06-16,5
1224,807,16,2024-09-09,3
1225,808,15,2023-10-05,4
1226,809,16,2023-07-16,3
1227,810,3,2023-07-28,5
1228,810,2,2024-02-23,5
1229,811,22,2023-01-01,4
1230,812,22,2024-02-11,5
1231,813,9,2024-05-06,4
1232,813,6,2024-08-20,4
1233,814,8,2023-08-14,5
1234,814,6,2024-06-12,5
1235,814,6,2023-03-19,5
1236,815,10,2024-02-24,3
1237,815,23,2024-09-14,5
1238,815,24,2024-12-05,3
1239,816,2,2024-03-14,4
1240,817,13,2024-11-17,4
1241,818,14,2023-05-09,5
1242,819,4,2023-12-06,5
1243,819,5,2023-05-16,4
1244,820,15,2024-06-09,5
1245,821,20,2024-09-26,5
1246,821,18,2024-07-04,3
1247,821,8,2023-10-19,2
1248,822,13,2024-06-11,3
1249,822,21,2024-08-03,5
1250,823,22,2023-08-21,5
1251,824,20,2024-07-21,2
1252,824,2,2023-02-03,4
1253,825,15,2024-06-11,5
1254,826,7,2024-10-21,5
1255,826,6,2024-08-25,5
1256,827,6,2024-09-15,5
1257,828,11,2023-01-05,4
1258,828,15,2023-12-23,4
1259,828,12,2023-07-04,4
1260,829,10,2023-08-18,5
1261,830,5,2023-07-17,4
1262,831,1,2023-10-05,4
1263,832,15,2023-07-10,5
1264,833,9,2023-05-15,5
1265,834,4,2023-03-01,5
1266,834,4,2024-06-28,5
1267,834,3,2024-09-09,4
1268,835,4,2023-12-18,4
1269,836,18,2024-08-21,3
1270,837,18,2024-11-18,5
1271,838,21,2023-09-08,3
1272,839,15,2024-06-14,4
1273,839,13,2023-01-01,5
1274,840,24,2023-08-18,4
1275,841,22,2024-08-25,4
1276,842,5,2024-07-26,4
1277,842,5,2024-01-18,3
1278,843,1,2024-09-14,5
1279,844,4,2024-12-24,5
1280,844,4,2023-04-09,5
1281,845,15,2024-04-17,5
1282,845,12,2024-12-18,5
1283,846,18,2023-02-06,4
1284,847,1,2024-11-15,4
1285,847,3,2023-10-16,5
1286,848,3,2023-03-02,5
1287,849,8,2024-02-10,4
1288,849,8,2023-08-24,5
1289,850,12,2024-03-01,3
1290,851,3,2024-07-10,4
1291,852,23,2023-12-26,1
1292,853,24,2024-03-02,5
1293,854,4,2024-02-18,5
1294,854,1,2024-05-27,5
1295,854,4,2023-02-25,5
1296,855,3,2023-08-08,5
1297,856,10,2023-12-25,4
1298,856,7,2024-04-16,4
1299,857,12,2023-05-11,3
1300,857,15,2023-01-24,3
1301,858,2,2023-11-10,5
1302,858,3,2023-01-28,5
1303,859,6,2024-11-14,1
1304,859,22,2023-05-19,5
1305,859,24,2023-04-01,4
1306,860,3,2023-12-16,5
1307,860,5,2023-02-08,4
1308,861,21,2024-11-20,5
1309,862,1,2023-01-12,2
1310,863,18,2024-02-05,5
1311,864,23,2024-09-26,5
1312,865,12,2023-08-24,5
1313,866,3,2023-07-12,4
1314,866,2,2024-01-16,5
1315,866,2,2024-09-23,4
1316,867,4,2024-03-18,4
1317,867,4,2023-08-09,5
1318,868,16,2024-03-15,5
1319,869,24,2024-09-12,5
1320,870,2,2024-11-17,5
1321,871,5,2024-01-20,5
1322,871,1,2023-04-11,5
1323,872,13,2024-09-27,3
1324,873,9,2023-11-16,4
1325,874,16,2024-06-14,5
1326,875,17,2023-09-22,4
1327,875,17,2023-03-06,5
1328,876,8,2023-08-07,5
1329,877,4,2024-11-27,5
1330,878,12,2024-09-20,5
1331,879,13,2023-04-20,5
1332,879,15,2024-04-21,4
1333,879,1,2023-08-26,1
1334,880,17,2024-12-14,4
1335,880,18,2024-01-27,5
1336,881,13,2024-12-03,4
1337,882,9,2023-04-17,4
1338,883,4,2024-04-18,5
1339,883,4,2023-09-22,4
1340,884,9,2024-03-18,5
1341,885,22,2024-11-19,5
1342,885,23,2024-12-22,3
1343,886,8,2024-03-18,3
1344,887,15,2024-11-06,4
1345,888,15,2024-09-11,4
1346,889,15,2024-11-14,3
1347,889,15,2023-10-18,4
1348,890,2,2024-09-24,4
1349,891,2,2024-08-15,4
1350,892,4,2023-01-10,4
1351,893,15,2024-05-01,5
1352,894,7,2024-06-01,3
1353,894,6,2024-02-02,1
1354,895,5,2024-03-09,4
1355,896,6,2024-04-09,4
1356,897,13,2023-07-19,5
1357,897,13,2024-12-11,5
1358,898,25,2023-12-23,4
1359,899,11,2024-05-02,4
1360,899,13,2024-01-25,5
1361,900,14,2023-07-14,4
1362,901,10,2023-12-21,3
1363,901,19,2023-11-13,5
1364,902,15,2023-01-11,4
1365,903,15,2023-12-08,4
1366,904,8,2024-12-13,5
1367,905,3,2023-10-17,5
1368,905,4,2024-05-26,3
1369,905,2,2024-06-03,5
1370,906,19,2024-01-18,4
1371,906,16,2024-07-17,4
1372,907,17,2023-03-25,5
1373,908,18,2024-04-16,4
1374,909,6,2023-04-18,4
1375,910,15,2024-05-25,5
1376,911,3,2023-10-03,5
1377,912,22,2024-07-12,5
1378,913,11,2023-06-20,4
1379,913,15,2024-03-12,4
1380,913,12,2023-08-02,5
1381,914,7,2023-06-05,5
1382,914,9,2023-01-08,3
1383,915,18,2023-01-11,2
1384,915,13,2024-08-01,4
1385,915,11,2023-09-07,3
1386,916,15,2024-05-18,5
1387,917,7,2023-03-23,4
1388,917,7,2023-11-17,4
1389,917,7,2023-01-10,5
1390,918,20,2023-10-09,4
1391,918,20,2024-01-03,4
1392,918,16,2024-11-28,5
1393,919,1,2024-05-28,2
1394,919,17,2023-07-17,5
1395,920,25,2023-10-18,1
1396,921,2,2023-09-15,5
1397,922,18,2024-09-10,5
1398,923,24,2023-12-06,5
1399,923,24,2024-06-12,5
1400,923,23,2023-09-09,4
1401,924,13,2023-07-27,4
1402,925,13,2024-04-05,1
1403,925,8,2024-02-24,1
1404,925,21,2023-11-20,4
1405,926,13,2024-10-05,5
1406,927,13,2023-08-18,2
1407,927,16,2023-03-19,5
1408,928,16,2023-12-23,3
1409,929,2,2023-03-21,4
1410,930,24,2023-09-18,5
1411,930,23,2023-03-24,5
1412,930,25,2024-07-14,5
1413,931,5,2024-11-24,4
1414,932,18,2023-04-04,4
1415,933,22,2024-10-20,5
1416,933,24,2023-10-08,5
1417,933,22,2023-01-12,4
1418,934,12,2024-08-05,5
1419,934,15,2024-06-06,4
1420,935,1,2023-03-06,5
1421,936,8,2023-07-25,4
1422,937,22,2023-04-24,2
1423,938,15,2024-02-06,5
1424,938,21,2024-12-11,2
1425,938,24,2023-07-25,2
1426,939,24,2024-07-24,3
1427,939,25,2023-12-19,5
1428,939,21,2023-08-15,5
1429,940,9,2024-09-18,1
1430,941,5,2023-09-13,3
1431,942,18,2024-08-13,4
1432,943,4,2023-05-15,4
1433,943,3,2023-10-02,5
1434,944,24,2023-11-15,4
1435,945,18,2023-02-06,5
1436,946,12,2023-06-15,4
1437,946,12,2023-10-23,5
1438,946,3,2023-05-11,5
1439,947,22,2023-02-03,4
1440,947,24,2023-11-12,5
1441,947,21,2023-07-24,4
1442,948,17,2023-07-02,4
1443,949,9,2023-03-28,2
1444,950,7,2024-12-02,5
1445,951,8,2024-12-25,4
1446,951,10,2023-03-04,4
1447,952,6,2024-10-25,1
1448,953,4,2024-08-28,5
1449,954,10,2024-01-20,3
1450,955,24,2024-10-22,5
1451,956,7,2023-08-03,5
1452,957,4,2023-09-09,4
1453,957,1,2024-03-02,4
1454,958,10,2024-01-22,4
1455,959,10,2023-02-02,4
1456,960,25,2024-03-06,5
1457,961,16,2023-12-23,5
1458,961,15,2024-01-03,1
1459,962,4,2023-07-27,3
1460,963,23,2024-09-03,4
1461,963,21,2024-02-23,5
1462,964,8,2023-07-17,5
1463,965,10,2023-10-02,5
1464,965,9,2023-11-17,5
1465,966,17,2024-12-20,4
1466,966,19,2024-06-09,4
1467,967,24,2024-09-24,1
1468,967,3,2023-03-20,3
1469,968,4,2023-04-01,4
1470,969,15,2023-11-26,5
1471,969,11,2024-04-26,4
1472,970,5,2023-06-12,5
1473,971,17,2024-04-23,4
1474,971,18,2024-02-10,4
1475,972,15,2023-06-25,4
1476,973,12,2024-06-11,5
1477,974,9,2023-10-01,5
1478,975,9,2024-06-22,3
1479,976,9,2024-11-05,3
1480,977,13,2024-08-28,5
1481,978,8,2023-07-24,4
1482,979,20,2024-05-19,4
1483,980,8,2024-01-07,5
1484,981,6,2023-06-03,4
1485,982,13,2024-01-11,5
1486,982,15,2024-03-19,5
1487,983,13,2024-02-28,3
1488,983,15,2023-06-23,4
1489,984,24,2023-02-16,4
1490,985,17,2024-05-07,4
1491,986,12,2023-06-26,4
1492,986,13,2023-02-15,5
1493,987,4,2023-09-05,5
1494,987,2,2024-08-24,5
1495,988,18,2023-03-25,3
1496,989,16,2023-09-22,5
1497,990,15,2024-01-15,4
1498,991,16,2023-09-04,5
1499,992,15,2023-01-22,5
1500,993,9,2024-01-04,5
1501,993,9,2023-05-21,4
1502,993,9,2024-04-10,3
1503,994,22,2023-08-22,4
1504,995,9,2023-03-09,5
1505,996,13,2023-10-18,4
1506,997,14,2024-06-18,5
1507,998,7,2024-12-26,5
1508,998,8,2024-03-03,4
1509,999,1,2024-06-18,5
1510,999,4,2023-01-16,4
